match_id,season,selection,opening_price,closing_price,opening_raw_probability,closing_raw_probability,opening_fair_probability,closing_fair_probability,opening_overround,closing_overround,opening_margin,closing_margin,price_clv,fair_probability_clv,price_sign,fair_sign,odds_ratio,fair_probability_ratio,margin_change,margin_change_abs,price_clv_abs,fair_clv_abs,exception_type,raw_probability_movement,recomputed_price_clv,recomputed_fair_clv
2020_21_02/11/2020_Fulham_West Brom,2020_21,OVER,2.0,2.05,0.5,0.4878048780487805,0.4736842105263157,0.4743589743589744,1.0555555555555556,1.028345418589321,0.0555555555555555,0.028345418589321,-0.0243902439024389,0.0014245014245015,-1.0,1.0,1.025,1.0014245014245016,-0.027210136966234533,0.027210136966234533,0.0243902439024389,0.0014245014245015,MARGIN_EFFECT,-0.012195121951219468,-0.024390243902438935,0.0014245014245015675
2020_21_04/04/2021_Man United_Brighton,2020_21,OVER,1.9,1.91,0.5263157894736842,0.5235602094240838,0.5,0.5102564102564103,1.0526315789473684,1.026072772238154,0.0526315789473683,0.0260727722381539,-0.0052356020942407,0.0205128205128206,-1.0,1.0,1.0052631578947369,1.0205128205128207,-0.0265588067092144,0.0265588067092144,0.0052356020942407,0.0205128205128206,MARGIN_EFFECT,-0.0027555800496004146,-0.005235602094240788,0.020512820512820662
2020_21_21/03/2021_Aston Villa_Tottenham,2020_21,OVER,1.9,1.94,0.5263157894736842,0.5154639175257733,0.5,0.5025641025641026,1.0526315789473684,1.0256679991584263,0.0526315789473683,0.0256679991584263,-0.0206185567010309,0.0051282051282051,-1.0,1.0,1.0210526315789474,1.005128205128205,-0.026963579788942038,0.026963579788942038,0.0206185567010309,0.0051282051282051,MARGIN_EFFECT,-0.01085187194791093,-0.020618556701030966,0.00512820512820511
2021_22_20/11/2021_Leicester_Chelsea,2021_22,OVER,2.03,2.0,0.4926108374384237,0.5,0.4794871794871795,0.4736842105263157,1.0273701957271937,1.0555555555555556,0.0273701957271936,0.0555555555555555,0.0149999999999999,-0.0121024486349565,1.0,-1.0,0.9852216748768474,0.9878975513650434,0.0281853598283619,0.0281853598283619,0.0149999999999999,0.0121024486349565,MARGIN_EFFECT,0.00738916256157629,0.014999999999999902,-0.012102448634956575
2021_22_20/11/2021_Wolves_West Ham,2021_22,OVER,2.0,2.01,0.5,0.4975124378109453,0.4736842105263157,0.4846153846153846,1.0555555555555556,1.0266129669114743,0.0555555555555555,0.0266129669114745,-0.0049751243781093,0.0230769230769232,-1.0,1.0,1.005,1.0230769230769232,-0.02894258864408128,0.02894258864408128,0.0049751243781093,0.0230769230769232,MARGIN_EFFECT,-0.0024875621890546595,-0.004975124378109319,0.023076923076923217
2021_22_23/04/2022_Arsenal_Man United,2021_22,OVER,1.81,1.8,0.5524861878453039,0.5555555555555556,0.5358974358974359,0.5263157894736842,1.0309550873668352,1.0555555555555556,0.0309550873668351,0.0555555555555555,0.0055555555555555,-0.0178796272979098,1.0,-1.0,0.994475138121547,0.9821203727020902,0.024600468188720415,0.024600468188720415,0.0055555555555555,0.0178796272979098,MARGIN_EFFECT,0.0030693677102516803,0.005555555555555536,-0.017879627297909817
2021_22_24/04/2022_Chelsea_West Ham,2021_22,OVER,1.83,1.8,0.5464480874316939,0.5555555555555556,0.5307692307692307,0.5263157894736842,1.0295398748713076,1.0555555555555556,0.0295398748713076,0.0555555555555555,0.0166666666666666,-0.0083905415713194,1.0,-1.0,0.9836065573770492,0.9916094584286805,0.026015680684247977,0.026015680684247977,0.0166666666666666,0.0083905415713194,MARGIN_EFFECT,0.00910746812386165,0.016666666666666607,-0.008390541571319465
2021_22_26/12/2021_Aston Villa_Chelsea,2021_22,OVER,2.05,2.0,0.4878048780487805,0.5,0.4743589743589744,0.4736842105263157,1.028345418589321,1.0555555555555556,0.028345418589321,0.0555555555555555,0.0249999999999999,-0.0014224751066858,1.0,-1.0,0.9756097560975611,0.9985775248933141,0.027210136966234533,0.027210136966234533,0.0249999999999999,0.0014224751066858,MARGIN_EFFECT,0.012195121951219468,0.02499999999999991,-0.0014224751066859165
2022_23_09/04/2023_Leeds_Crystal Palace,2022_23,OVER,2.1,2.11,0.4761904761904761,0.4739336492890995,0.4516971279373368,0.4589743589743589,1.054225158271401,1.0325928671661946,0.054225158271401,0.0325928671661945,-0.0047393364928909,0.0161108640877427,-1.0,1.0,1.0047619047619047,1.0161108640877425,-0.02163229110520648,0.02163229110520648,0.0047393364928909,0.0161108640877427,MARGIN_EFFECT,-0.0022568269013766296,-0.004739336492890933,0.016110864087742538
2022_23_16/10/2022_Aston Villa_Chelsea,2022_23,OVER,2.03,2.0,0.4926108374384237,0.5,0.4794871794871795,0.4736842105263157,1.0273701957271937,1.0555555555555556,0.0273701957271936,0.0555555555555555,0.0149999999999999,-0.0121024486349565,1.0,-1.0,0.9852216748768474,0.9878975513650434,0.0281853598283619,0.0281853598283619,0.0149999999999999,0.0121024486349565,MARGIN_EFFECT,0.00738916256157629,0.014999999999999902,-0.012102448634956575
2022_23_27/04/2023_Everton_Newcastle,2022_23,OVER,2.0,2.05,0.5,0.4878048780487805,0.4736842105263157,0.4743589743589744,1.0555555555555556,1.028345418589321,0.0555555555555555,0.028345418589321,-0.0243902439024389,0.0014245014245015,-1.0,1.0,1.025,1.0014245014245016,-0.027210136966234533,0.027210136966234533,0.0243902439024389,0.0014245014245015,MARGIN_EFFECT,-0.012195121951219468,-0.024390243902438935,0.0014245014245015675
2023_24_30/09/2023_Man United_Crystal Palace,2023_24,OVER,1.8,1.82,0.5555555555555556,0.5494505494505494,0.5263157894736842,0.5333333333333333,1.0555555555555556,1.03021978021978,0.0555555555555555,0.0302197802197801,-0.0109890109890109,0.0133333333333334,-1.0,1.0,1.011111111111111,1.0133333333333334,-0.02533577533577569,0.02533577533577569,0.0109890109890109,0.0133333333333334,MARGIN_EFFECT,-0.006105006105006194,-0.01098901098901095,0.01333333333333342
2024_25_25/10/2024_Leicester_Nott'm Forest,2024_25,OVER,2.0,2.01,0.5,0.4975124378109453,0.4736842105263157,0.4846153846153846,1.0555555555555556,1.0266129669114743,0.0555555555555555,0.0266129669114745,-0.0049751243781093,0.0230769230769232,-1.0,1.0,1.005,1.0230769230769232,-0.02894258864408128,0.02894258864408128,0.0049751243781093,0.0230769230769232,MARGIN_EFFECT,-0.0024875621890546595,-0.004975124378109319,0.023076923076923217
2025_26_10/05/2026_Crystal Palace_Everton,2025_26,OVER,2.03,2.0,0.4926108374384237,0.5,0.4740932642487047,0.4736842105263157,1.0390589248701176,1.0555555555555556,0.0390589248701176,0.0555555555555555,0.0149999999999999,-0.0008628127696291,1.0,-1.0,0.9852216748768474,0.9991371872303708,0.01649663068543794,0.01649663068543794,0.0149999999999999,0.0008628127696291,MARGIN_EFFECT,0.00738916256157629,0.014999999999999902,-0.0008628127696291843
2020_21_01/01/2021_Everton_West Ham,2020_21,UNDER,1.9,1.93,0.5263157894736842,0.5181347150259068,0.5,0.5051282051282052,1.0526315789473684,1.0257489282238763,0.0526315789473683,0.0257489282238763,-0.0155440414507772,0.0102564102564104,-1.0,1.0,1.0157894736842106,1.0102564102564104,-0.026882650723492052,0.026882650723492052,0.0155440414507772,0.0102564102564104,MARGIN_EFFECT,-0.008181074447777381,-0.015544041450777257,0.010256410256410442
2020_21_28/02/2021_Chelsea_Man United,2020_21,UNDER,1.91,1.9,0.5235602094240838,0.5263157894736842,0.5102564102564103,0.5,1.026072772238154,1.0526315789473684,0.0260727722381539,0.0526315789473683,0.0052631578947368,-0.020100502512563,1.0,-1.0,0.9947643979057592,0.979899497487437,0.0265588067092144,0.0265588067092144,0.0052631578947368,0.020100502512563,MARGIN_EFFECT,0.0027555800496004146,0.0052631578947368585,-0.020100502512563012
2021_22_01/05/2022_West Ham_Arsenal,2021_22,UNDER,2.01,2.0,0.4975124378109453,0.5,0.4846153846153846,0.4736842105263157,1.0266129669114743,1.0555555555555556,0.0266129669114745,0.0555555555555555,0.0049999999999998,-0.0225563909774436,1.0,-1.0,0.9950248756218907,0.9774436090225562,0.02894258864408128,0.02894258864408128,0.0049999999999998,0.0225563909774436,MARGIN_EFFECT,0.0024875621890546595,0.004999999999999893,-0.022556390977443774
2021_22_02/04/2022_Brighton_Norwich,2021_22,UNDER,1.8,1.84,0.5555555555555556,0.5434782608695652,0.5263157894736842,0.5282051282051282,1.0555555555555556,1.0289151540734487,0.0555555555555555,0.0289151540734486,-0.0217391304347825,0.0035897435897436,-1.0,1.0,1.0222222222222221,1.0035897435897436,-0.02664040148210689,0.02664040148210689,0.0217391304347825,0.0035897435897436,MARGIN_EFFECT,-0.012077294685990392,-0.021739130434782594,0.0035897435897436214
2021_22_09/04/2022_Everton_Man United,2021_22,UNDER,2.05,2.0,0.4878048780487805,0.5,0.4743589743589744,0.4736842105263157,1.028345418589321,1.0555555555555556,0.028345418589321,0.0555555555555555,0.0249999999999999,-0.0014224751066858,1.0,-1.0,0.9756097560975611,0.9985775248933141,0.027210136966234533,0.027210136966234533,0.0249999999999999,0.0014224751066858,MARGIN_EFFECT,0.012195121951219468,0.02499999999999991,-0.0014224751066859165
2021_22_14/08/2021_Leicester_Wolves,2021_22,UNDER,1.84,1.8,0.5434782608695652,0.5555555555555556,0.5318066157760813,0.5263157894736842,1.0219471603910963,1.0555555555555556,0.0219471603910963,0.0555555555555555,0.0222222222222221,-0.0103248552002013,1.0,-1.0,0.9782608695652174,0.9896751447997987,0.03360839516445924,0.03360839516445924,0.0222222222222221,0.0103248552002013,MARGIN_EFFECT,0.012077294685990392,0.022222222222222143,-0.010324855200201322
2021_22_15/08/2021_Newcastle_West Ham,2021_22,UNDER,1.94,1.9,0.5154639175257733,0.5263157894736842,0.5063613231552164,0.5,1.0179764803398434,1.0526315789473684,0.0179764803398434,0.0526315789473683,0.0210526315789474,-0.0125628140703519,1.0,-1.0,0.979381443298969,0.987437185929648,0.034655098607524915,0.034655098607524915,0.0210526315789474,0.0125628140703519,MARGIN_EFFECT,0.01085187194791093,0.021052631578947434,-0.01256281407035198
2021_22_15/08/2021_Tottenham_Man City,2021_22,UNDER,2.04,2.0,0.4901960784313725,0.5,0.4809160305343511,0.4736842105263157,1.0192966075319017,1.0555555555555556,0.0192966075319016,0.0555555555555555,0.02,-0.0150375939849624,1.0,-1.0,0.9803921568627451,0.9849624060150375,0.036258948023653925,0.036258948023653925,0.02,0.0150375939849624,MARGIN_EFFECT,0.009803921568627472,0.020000000000000018,-0.015037593984962516
2021_22_18/10/2021_Arsenal_Crystal Palace,2021_22,UNDER,1.93,1.9,0.5181347150259068,0.5263157894736842,0.5051282051282052,0.5,1.0257489282238763,1.0526315789473684,0.0257489282238763,0.0526315789473683,0.0157894736842105,-0.0101522842639595,1.0,-1.0,0.9844559585492227,0.9898477157360405,0.026882650723492052,0.026882650723492052,0.0157894736842105,0.0101522842639595,MARGIN_EFFECT,0.008181074447777381,0.015789473684210575,-0.010152284263959532
2022_23_05/11/2022_Everton_Leicester,2022_23,UNDER,1.8,1.84,0.5555555555555556,0.5434782608695652,0.5263157894736842,0.5282051282051282,1.0555555555555556,1.0289151540734487,0.0555555555555555,0.0289151540734486,-0.0217391304347825,0.0035897435897436,-1.0,1.0,1.0222222222222221,1.0035897435897436,-0.02664040148210689,0.02664040148210689,0.0217391304347825,0.0035897435897436,MARGIN_EFFECT,-0.012077294685990392,-0.021739130434782594,0.0035897435897436214
2022_23_13/01/2023_Aston Villa_Leeds,2022_23,UNDER,2.0,2.05,0.5,0.4878048780487805,0.4736842105263157,0.4743589743589744,1.0555555555555556,1.028345418589321,0.0555555555555555,0.028345418589321,-0.0243902439024389,0.0014245014245015,-1.0,1.0,1.025,1.0014245014245016,-0.027210136966234533,0.027210136966234533,0.0243902439024389,0.0014245014245015,MARGIN_EFFECT,-0.012195121951219468,-0.024390243902438935,0.0014245014245015675
2022_23_13/05/2023_Chelsea_Nott'm Forest,2022_23,UNDER,2.04,2.0,0.4901960784313725,0.5,0.4769230769230769,0.4736842105263157,1.027830487033523,1.0555555555555556,0.027830487033523,0.0555555555555555,0.02,-0.0067911714770797,1.0,-1.0,0.9803921568627451,0.9932088285229201,0.027725068522032492,0.027725068522032492,0.02,0.0067911714770797,MARGIN_EFFECT,0.009803921568627472,0.020000000000000018,-0.00679117147707986
2022_23_18/02/2023_Newcastle_Liverpool,2022_23,UNDER,2.0,2.02,0.5,0.495049504950495,0.4736842105263157,0.482051282051282,1.0555555555555556,1.0269643985675163,0.0555555555555555,0.0269643985675163,-0.0099009900990099,0.0176638176638177,-1.0,1.0,1.01,1.0176638176638177,-0.028591156988039268,0.028591156988039268,0.0099009900990099,0.0176638176638177,MARGIN_EFFECT,-0.004950495049504955,-0.00990099009900991,0.01766381766381775
2022_23_18/03/2023_Brentford_Leicester,2022_23,UNDER,2.01,2.0,0.4975124378109453,0.5,0.4846153846153846,0.4736842105263157,1.0266129669114743,1.0555555555555556,0.0266129669114745,0.0555555555555555,0.0049999999999998,-0.0225563909774436,1.0,-1.0,0.9950248756218907,0.9774436090225562,0.02894258864408128,0.02894258864408128,0.0049999999999998,0.0225563909774436,MARGIN_EFFECT,0.0024875621890546595,0.004999999999999893,-0.022556390977443774
2022_23_25/02/2023_Crystal Palace_Liverpool,2022_23,UNDER,2.05,2.0,0.4878048780487805,0.5,0.4743589743589744,0.4736842105263157,1.028345418589321,1.0555555555555556,0.028345418589321,0.0555555555555555,0.0249999999999999,-0.0014224751066858,1.0,-1.0,0.9756097560975611,0.9985775248933141,0.027210136966234533,0.027210136966234533,0.0249999999999999,0.0014224751066858,MARGIN_EFFECT,0.012195121951219468,0.02499999999999991,-0.0014224751066859165
2022_23_30/04/2023_Bournemouth_Leeds,2022_23,UNDER,2.0,2.01,0.5,0.4975124378109453,0.4736842105263157,0.4846153846153846,1.0555555555555556,1.0266129669114743,0.0555555555555555,0.0266129669114745,-0.0049751243781093,0.0230769230769232,-1.0,1.0,1.005,1.0230769230769232,-0.02894258864408128,0.02894258864408128,0.0049751243781093,0.0230769230769232,MARGIN_EFFECT,-0.0024875621890546595,-0.004975124378109319,0.023076923076923217
2023_24_02/04/2024_Nott'm Forest_Fulham,2023_24,UNDER,2.0,2.05,0.5,0.4878048780487805,0.4736842105263157,0.4743589743589744,1.0555555555555556,1.028345418589321,0.0555555555555555,0.028345418589321,-0.0243902439024389,0.0014245014245015,-1.0,1.0,1.025,1.0014245014245016,-0.027210136966234533,0.027210136966234533,0.0243902439024389,0.0014245014245015,MARGIN_EFFECT,-0.012195121951219468,-0.024390243902438935,0.0014245014245015675
2023_24_08/10/2023_Wolves_Aston Villa,2023_24,UNDER,2.05,2.06,0.4878048780487805,0.4854368932038835,0.4605263157894737,0.4717948717948718,1.059233449477352,1.0289151540734487,0.0592334494773518,0.0289151540734486,-0.0048543689320389,0.0244688644688644,-1.0,1.0,1.0048780487804878,1.0244688644688644,-0.030318295403903406,0.030318295403903406,0.0048543689320389,0.0244688644688644,MARGIN_EFFECT,-0.002367984844897031,-0.004854368932038944,0.024468864468864426
2023_24_10/02/2024_Luton_Sheffield United,2023_24,UNDER,2.05,2.0,0.4878048780487805,0.5,0.4743589743589744,0.4736842105263157,1.028345418589321,1.0555555555555556,0.028345418589321,0.0555555555555555,0.0249999999999999,-0.0014224751066858,1.0,-1.0,0.9756097560975611,0.9985775248933141,0.027210136966234533,0.027210136966234533,0.0249999999999999,0.0014224751066858,MARGIN_EFFECT,0.012195121951219468,0.02499999999999991,-0.0014224751066859165
2023_24_10/02/2024_Wolves_Brentford,2023_24,UNDER,2.05,2.06,0.4878048780487805,0.4854368932038835,0.4605263157894737,0.4717948717948718,1.059233449477352,1.0289151540734487,0.0592334494773518,0.0289151540734486,-0.0048543689320389,0.0244688644688644,-1.0,1.0,1.0048780487804878,1.0244688644688644,-0.030318295403903406,0.030318295403903406,0.0048543689320389,0.0244688644688644,MARGIN_EFFECT,-0.002367984844897031,-0.004854368932038944,0.024468864468864426
2023_24_21/04/2024_Crystal Palace_West Ham,2023_24,UNDER,2.0,2.03,0.5,0.4926108374384237,0.4736842105263157,0.4794871794871795,1.0555555555555556,1.0273701957271937,0.0555555555555555,0.0273701957271936,-0.0147783251231525,0.0122507122507125,-1.0,1.0,1.015,1.0122507122507125,-0.0281853598283619,0.0281853598283619,0.0147783251231525,0.0122507122507125,MARGIN_EFFECT,-0.00738916256157629,-0.01477832512315258,0.012250712250712503
2023_24_27/08/2023_Burnley_Aston Villa,2023_24,UNDER,2.04,2.0,0.4901960784313725,0.5,0.4769230769230769,0.4736842105263157,1.027830487033523,1.0555555555555556,0.027830487033523,0.0555555555555555,0.02,-0.0067911714770797,1.0,-1.0,0.9803921568627451,0.9932088285229201,0.027725068522032492,0.027725068522032492,0.02,0.0067911714770797,MARGIN_EFFECT,0.009803921568627472,0.020000000000000018,-0.00679117147707986
2023_24_28/10/2023_Chelsea_Brentford,2023_24,UNDER,2.0,2.05,0.5,0.4878048780487805,0.4736842105263157,0.4743589743589744,1.0555555555555556,1.028345418589321,0.0555555555555555,0.028345418589321,-0.0243902439024389,0.0014245014245015,-1.0,1.0,1.025,1.0014245014245016,-0.027210136966234533,0.027210136966234533,0.0243902439024389,0.0014245014245015,MARGIN_EFFECT,-0.012195121951219468,-0.024390243902438935,0.0014245014245015675
2024_25_03/05/2025_Aston Villa_Fulham,2024_25,UNDER,2.05,2.1,0.4878048780487805,0.4761904761904761,0.450402144772118,0.4516971279373368,1.0830429732868758,1.054225158271401,0.0830429732868758,0.054225158271401,-0.0238095238095239,0.0028751709561107,-1.0,1.0,1.024390243902439,1.0028751709561108,-0.028817815015474757,0.028817815015474757,0.0238095238095239,0.0028751709561107,MARGIN_EFFECT,-0.011614401858304368,-0.023809523809523947,0.002875170956110784
2024_25_03/05/2025_Leicester_Southampton,2024_25,UNDER,2.05,2.1,0.4878048780487805,0.4761904761904761,0.450402144772118,0.4516971279373368,1.0830429732868758,1.054225158271401,0.0830429732868758,0.054225158271401,-0.0238095238095239,0.0028751709561107,-1.0,1.0,1.024390243902439,1.0028751709561108,-0.028817815015474757,0.028817815015474757,0.0238095238095239,0.0028751709561107,MARGIN_EFFECT,-0.011614401858304368,-0.023809523809523947,0.002875170956110784
2024_25_05/04/2025_West Ham_Bournemouth,2024_25,UNDER,2.0,2.05,0.5,0.4878048780487805,0.4736842105263157,0.4743589743589744,1.0555555555555556,1.028345418589321,0.0555555555555555,0.028345418589321,-0.0243902439024389,0.0014245014245015,-1.0,1.0,1.025,1.0014245014245016,-0.027210136966234533,0.027210136966234533,0.0243902439024389,0.0014245014245015,MARGIN_EFFECT,-0.012195121951219468,-0.024390243902438935,0.0014245014245015675
2024_25_19/10/2024_Newcastle_Brighton,2024_25,UNDER,2.45,2.5,0.4081632653061224,0.4,0.3781725888324873,0.3796526054590571,1.0793042049034378,1.05359477124183,0.0793042049034378,0.0535947712418301,-0.0199999999999999,0.0039136010125402,-1.0,1.0,1.0204081632653061,1.0039136010125402,-0.025709433661607717,0.025709433661607717,0.0199999999999999,0.0039136010125402,MARGIN_EFFECT,-0.00816326530612238,-0.019999999999999907,0.003913601012540235
2024_25_22/09/2024_Brighton_Nott'm Forest,2024_25,UNDER,2.04,2.0,0.4901960784313725,0.5,0.4769230769230769,0.4736842105263157,1.027830487033523,1.0555555555555556,0.027830487033523,0.0555555555555555,0.02,-0.0067911714770797,1.0,-1.0,0.9803921568627451,0.9932088285229201,0.027725068522032492,0.027725068522032492,0.02,0.0067911714770797,MARGIN_EFFECT,0.009803921568627472,0.020000000000000018,-0.00679117147707986
2024_25_23/11/2024_Arsenal_Nott'm Forest,2024_25,UNDER,2.0,2.03,0.5,0.4926108374384237,0.4736842105263157,0.4794871794871795,1.0555555555555556,1.0273701957271937,0.0555555555555555,0.0273701957271936,-0.0147783251231525,0.0122507122507125,-1.0,1.0,1.015,1.0122507122507125,-0.0281853598283619,0.0281853598283619,0.0147783251231525,0.0122507122507125,MARGIN_EFFECT,-0.00738916256157629,-0.01477832512315258,0.012250712250712503
2024_25_25/01/2025_Southampton_Newcastle,2024_25,UNDER,2.7,2.75,0.3703703703703703,0.3636363636363636,0.3430656934306569,0.3436754176610979,1.0795902285263987,1.058080808080808,0.0795902285263987,0.0580808080808079,-0.018181818181818,0.0017772812674556,-1.0,1.0,1.0185185185185184,1.0017772812674557,-0.021509420445590788,0.021509420445590788,0.018181818181818,0.0017772812674556,MARGIN_EFFECT,-0.006734006734006703,-0.018181818181818077,0.0017772812674556882
2024_25_26/02/2025_Brentford_Everton,2024_25,UNDER,2.03,2.0,0.4926108374384237,0.5,0.4794871794871795,0.4736842105263157,1.0273701957271937,1.0555555555555556,0.0273701957271936,0.0555555555555555,0.0149999999999999,-0.0121024486349565,1.0,-1.0,0.9852216748768474,0.9878975513650434,0.0281853598283619,0.0281853598283619,0.0149999999999999,0.0121024486349565,MARGIN_EFFECT,0.00738916256157629,0.014999999999999902,-0.012102448634956575
2024_25_27/10/2024_Arsenal_Liverpool,2024_25,UNDER,1.98,1.94,0.5050505050505051,0.5154639175257733,0.4923076923076923,0.4867724867724867,1.0258838383838385,1.0589421783953386,0.0258838383838384,0.0589421783953385,0.0206185567010308,-0.0112433862433862,1.0,-1.0,0.9797979797979798,0.9887566137566136,0.0330583400115001,0.0330583400115001,0.0206185567010308,0.0112433862433862,MARGIN_EFFECT,0.010413412475268169,0.020618556701030855,-0.011243386243386388
2024_25_30/11/2024_Crystal Palace_Newcastle,2024_25,UNDER,2.0,2.02,0.5,0.495049504950495,0.4736842105263157,0.482051282051282,1.0555555555555556,1.0269643985675163,0.0555555555555555,0.0269643985675163,-0.0099009900990099,0.0176638176638177,-1.0,1.0,1.01,1.0176638176638177,-0.028591156988039268,0.028591156988039268,0.0099009900990099,0.0176638176638177,MARGIN_EFFECT,-0.004950495049504955,-0.00990099009900991,0.01766381766381775
2025_26_07/01/2026_Newcastle_Leeds,2025_26,UNDER,2.03,2.0,0.4926108374384237,0.5,0.4740932642487047,0.4736842105263157,1.0390589248701176,1.0555555555555556,0.0390589248701176,0.0555555555555555,0.0149999999999999,-0.0008628127696291,1.0,-1.0,0.9852216748768474,0.9991371872303708,0.01649663068543794,0.01649663068543794,0.0149999999999999,0.0008628127696291,MARGIN_EFFECT,0.00738916256157629,0.014999999999999902,-0.0008628127696291843
2025_26_10/04/2026_West Ham_Wolves,2025_26,UNDER,2.0,2.03,0.5,0.4926108374384237,0.4736842105263157,0.4740932642487047,1.0555555555555556,1.0390589248701176,0.0555555555555555,0.0390589248701176,-0.0147783251231525,0.0008635578583766,-1.0,1.0,1.015,1.0008635578583767,-0.01649663068543794,0.01649663068543794,0.0147783251231525,0.0008635578583766,MARGIN_EFFECT,-0.00738916256157629,-0.01477832512315258,0.0008635578583766623
2025_26_21/02/2026_Aston Villa_Leeds,2025_26,UNDER,2.03,2.0,0.4926108374384237,0.5,0.4740932642487047,0.4736842105263157,1.0390589248701176,1.0555555555555556,0.0390589248701176,0.0555555555555555,0.0149999999999999,-0.0008628127696291,1.0,-1.0,0.9852216748768474,0.9991371872303708,0.01649663068543794,0.01649663068543794,0.0149999999999999,0.0008628127696291,MARGIN_EFFECT,0.00738916256157629,0.014999999999999902,-0.0008628127696291843
2025_26_21/03/2026_Everton_Chelsea,2025_26,UNDER,2.03,2.0,0.4926108374384237,0.5,0.4740932642487047,0.4736842105263157,1.0390589248701176,1.0555555555555556,0.0390589248701176,0.0555555555555555,0.0149999999999999,-0.0008628127696291,1.0,-1.0,0.9852216748768474,0.9991371872303708,0.01649663068543794,0.01649663068543794,0.0149999999999999,0.0008628127696291,MARGIN_EFFECT,0.00738916256157629,0.014999999999999902,-0.0008628127696291843
