bucket,matches,mean_market_probability,actual_over_rate,mean_residual,mean_abs_residual,residual_std,standard_error,ci_95_low,ci_95_high,significant_95,variable,analysis,season
"(0.299, 0.35]",7,0.3406332173695426,0.14285714285714285,-0.19777607451239973,0.3846154880821236,0.37563966128600706,0.14197844661933026,-0.4760538298862871,0.0805016808614876,False,market_over_probability,market_probability,
"(0.35, 0.4]",95,0.38368970044524553,0.3473684210526316,-0.036321279392613946,0.46339395369774095,0.4776465388654784,0.04900550088243811,-0.13237206112219263,0.059729502336964745,False,market_over_probability,market_probability,
"(0.4, 0.45]",348,0.42695557290783587,0.4166666666666667,-0.010288906241169175,0.4865998733910011,0.49266569414505723,0.02640965330887395,-0.06205182672656211,0.04147401424422376,False,market_over_probability,market_probability,
"(0.45, 0.5]",635,0.47677390507509465,0.4881889763779528,0.011415071302858125,0.49838308987490204,0.49939094117112887,0.019817724990951552,-0.027427669679406914,0.05025781228512317,False,market_over_probability,market_probability,
"(0.5, 0.55]",758,0.5261256820627538,0.5329815303430079,0.00685584828025413,0.4975877677574113,0.498756122600709,0.018115638145657406,-0.028650802485234383,0.042362499045742644,False,market_over_probability,market_probability,
"(0.55, 0.6]",722,0.573933182055884,0.5844875346260388,0.01055435257015485,0.48702310902000046,0.49286066902902614,0.01834237480266121,-0.025396702043061124,0.046505407183370824,False,market_over_probability,market_probability,
"(0.6, 0.65]",493,0.6224549137539737,0.6064908722109533,-0.015964041543020387,0.47286170850323966,0.48814024310622256,0.021984730868460155,-0.05905411404520229,0.02712603095916152,False,market_over_probability,market_probability,
"(0.65, 0.7]",242,0.6716240515375449,0.6735537190082644,0.0019296674707194666,0.4408050066276493,0.47048475936186346,0.03024390579906315,-0.05734838789544431,0.06120772283688324,False,market_over_probability,market_probability,
"(0.7, 0.75]",95,0.7183748285216411,0.6736842105263158,-0.044690617995325345,0.4226168125450347,0.46991722591354135,0.04821249010592023,-0.139187098602929,0.0498058626122783,False,market_over_probability,market_probability,
"(0.75, 0.8]",25,0.7682984526271035,0.8,0.03170154737289651,0.33818209410508643,0.40735981502643615,0.08147196300528722,-0.12798350011746643,0.19138659486325946,False,market_over_probability,market_probability,
"(0.8, 0.85]",0,,,,,,,,,False,market_over_probability,market_probability,
"(0.85, 0.9]",0,,,,,,,,,False,market_over_probability,market_probability,
"(0.9, 0.95]",0,,,,,,,,,False,market_over_probability,market_probability,
"(0.95, 1.0]",0,,,,,,,,,False,market_over_probability,market_probability,
"(0.999, 1.4]",211,0.7105211474390303,0.6824644549763034,-0.028056692462726837,0.4203082364517227,0.4643958202658481,0.031970326724985496,-0.09071853284369841,0.03460514791824473,False,market_over_odds,market_odds,
"(1.4, 1.6]",731,0.6276150809572024,0.625170998632011,-0.002444082325191509,0.46650246506394444,0.48335914576541217,0.01787768380912436,-0.03748434259107525,0.032596177940692236,False,market_over_odds,market_odds,
"(1.6, 1.8]",997,0.5591879726703133,0.5687061183550652,0.009518145684751836,0.4913051172695351,0.4952948732545343,0.01568614602135384,-0.02122670051710169,0.040262991886605363,False,market_over_odds,market_odds,
"(1.8, 2.0]",726,0.5028081237800258,0.5110192837465565,0.00821115996653066,0.4994229726576386,0.49994464116979503,0.01855468591673984,-0.02815602443027943,0.04457834436334075,False,market_over_odds,market_odds,
"(2.0, 2.25]",519,0.45258618955181384,0.4605009633911368,0.007914773839322901,0.4954956663183387,0.4984032407295143,0.021877474112535638,-0.034965075421246945,0.05079462309989275,False,market_over_odds,market_odds,
"(2.25, 2.5]",199,0.40507811170061947,0.37185929648241206,-0.03321881521820745,0.4753738241766225,0.4843560477412925,0.03433508987759225,-0.10051559137828825,0.03407796094187335,False,market_over_odds,market_odds,
"(2.5, 3.0]",37,0.3634551641263483,0.24324324324324326,-0.12021192088310505,0.4284726051580706,0.4334961395314286,0.07126632633974873,-0.25989392050901255,0.019470078742802474,False,market_over_odds,market_odds,
"(3.0, 10.0]",0,,,,,,,,,False,market_over_odds,market_odds,
"(-1.001, -0.1]",1,0.4778067885117493,0.0,-0.4778067885117493,0.4778067885117493,,,,,False,model_market_difference,model_market_disagreement,
"(-0.1, -0.05]",10,0.5281500846059045,0.6,0.07184991539409535,0.4981656706690042,0.5287383771813111,0.16720175582341423,-0.25586552601979656,0.39956535680798727,False,model_market_difference,model_market_disagreement,
"(-0.05, -0.025]",134,0.542246143026096,0.5522388059701493,0.009992662944053243,0.4772972701545481,0.48780122392304354,0.04213960753070601,-0.07260096781613054,0.09258629370423702,False,model_market_difference,model_market_disagreement,
"(-0.025, 0.0]",1168,0.5354835396000885,0.5402397260273972,0.004756186427308711,0.4853171277028977,0.4933227055344869,0.014434763848413816,-0.023535950715582368,0.03304832357019979,False,model_market_difference,model_market_disagreement,
"(0.0, 0.025]",1661,0.5476424904633669,0.5448524984948826,-0.002789991968484309,0.4804274242997546,0.48966993032720235,0.012014857365425837,-0.02633911240471895,0.020759128467750333,False,model_market_difference,model_market_disagreement,
"(0.025, 0.05]",416,0.5536096953849725,0.5504807692307693,-0.003128926154203296,0.48195011230809964,0.4914314797214628,0.024094410622053038,-0.050353970973427246,0.04409611866502066,False,model_market_difference,model_market_disagreement,
"(0.05, 0.1]",30,0.5468478530556333,0.5333333333333333,-0.01351451972230003,0.4992282268828534,0.5121624123858843,0.0935076354566707,-0.1967894852173746,0.16976044577277455,False,model_market_difference,model_market_disagreement,
"(0.1, 1.0]",0,,,,,,,,,False,model_market_difference,model_market_disagreement,
"(-0.101, -0.05]",0,,,,,,,,,False,v08_over_probability,v08_probability,
"(-0.05, -0.025]",0,,,,,,,,,False,v08_over_probability,v08_probability,
"(-0.025, -0.01]",0,,,,,,,,,False,v08_over_probability,v08_probability,
"(-0.01, 0.0]",0,,,,,,,,,False,v08_over_probability,v08_probability,
"(0.0, 0.01]",0,,,,,,,,,False,v08_over_probability,v08_probability,
"(0.01, 0.025]",0,,,,,,,,,False,v08_over_probability,v08_probability,
"(0.025, 0.05]",0,,,,,,,,,False,v08_over_probability,v08_probability,
"(0.05, 0.1]",0,,,,,,,,,False,v08_over_probability,v08_probability,
,380,0.5128391503396232,0.5105263157894737,-0.002312834550149567,0.48038393024556886,0.4896485795191007,0.025118442135792174,-0.05154498113630222,0.046919312036003094,False,,season,2017_18
,380,0.5344729915375559,0.5368421052631579,0.002369113725601973,0.4865494523976363,0.49616372877595133,0.025452662240698795,-0.04751810426616766,0.05225633171737161,False,,season,2018_19
,380,0.5417987209801951,0.5210526315789473,-0.020746089401247694,0.4774244713298673,0.48630250987809537,0.024946792384980133,-0.06964180247580876,0.028149623673313365,False,,season,2019_20
,380,0.5221241694498707,0.5,-0.02212416944987078,0.4926913178668117,0.49886189348503457,0.025591075169792775,-0.07228267678266462,0.02803433788292306,False,,season,2020_21
,380,0.5260567708330547,0.5394736842105263,0.01341691337747162,0.4881234622646717,0.49463114521716955,0.02537404236299521,-0.03631620965399899,0.06315003640894223,False,,season,2021_22
,380,0.5323052598070246,0.5263157894736842,-0.005989470333340465,0.4825628956036335,0.4888979971800372,0.025079938074225344,-0.05514614895882214,0.04316720829214121,False,,season,2022_23
,380,0.5926631782355621,0.6473684210526316,0.054705242817069434,0.4631960662120059,0.47479815256817465,0.02435663130724857,0.006966245454862234,0.10244424017927664,True,,season,2023_24
,380,0.5909277534449282,0.5657894736842105,-0.025138279760717752,0.4790245744936928,0.49223007831528187,0.025250870229832963,-0.07462998541119037,0.024353425889754858,False,,season,2024_25
,380,0.5420917700680828,0.55,0.007908229931917194,0.49142737732675185,0.49758974961509633,0.02552581556622805,-0.042122368577889785,0.05793882844172417,False,,season,2025_26
