section,selection,observations,mean_model_edge,median_model_edge,mean_fair_clv,median_fair_clv,positive_clv_rate,correlation,edge_bucket,mean_model_probability,mean_opening_fair_probability,mean_closing_fair_probability,mean_closing_difference,actual_selection_rate,model_probability,brier_score,model_selection_probability,mean_predicted,actual_rate,calibration_error,season,metric,value
selection_summary,OVER,2654.0,-0.020849128304625465,-0.01837752606083043,-0.004291629073633244,0.0,0.3583270535041447,-0.007184481211170419,,,,,,,,,,,,,,,
selection_summary,UNDER,2654.0,0.020849128304625486,0.018377526060830485,0.004744932731211397,0.0,0.4065561416729465,-0.002161484230542097,,,,,,,,,,,,,,,
edge_bucket_summary,,337.0,-0.13297057768670834,,0.0009035950814833012,0.0,0.3798219584569733,,< -10%,0.5401331332468867,0.673103710933595,0.6737401772284275,-0.13360704398154075,,,,,,,,,,
edge_bucket_summary,,824.0,-0.07030191792562769,,-0.002575899310666578,0.0,0.35194174757281554,,-10 to -5%,0.5190653301219802,0.589367248047608,0.5878232270576769,-0.06875789693569659,,,,,,,,,,
edge_bucket_summary,,698.0,-0.036686405835149836,,0.0006398465020664085,0.0,0.39111747851002865,,-5 to -2.5%,0.5101381820243989,0.5468245878595487,0.5471003521919178,-0.036962170167518855,,,,,,,,,,
edge_bucket_summary,,471.0,-0.017449208465821243,,-0.004937369795404314,0.0,0.35881104033970274,,-2.5 to -1%,0.5041092556226751,0.5215584640884963,0.518979649711134,-0.014870394088458914,,,,,,,,,,
edge_bucket_summary,,324.0,-0.0048628110569430266,,0.0022608269149161325,0.0,0.4228395061728395,,-1 to 0%,0.4981830172337328,0.5030458282906759,0.5040311514723926,-0.005848134238659823,,,,,,,,,,
edge_bucket_summary,,324.0,0.004862811056943043,,-0.0017651233010318635,0.0,0.38580246913580246,,0 to 1%,0.5018169827662672,0.49695417170932416,0.49596884852760736,0.005848134238659843,,,,,,,,,,
edge_bucket_summary,,471.0,0.017449208465821268,,0.0054549187952025215,0.0,0.43312101910828027,,1 to 2.5%,0.495890744377325,0.47844153591150373,0.4810203502888661,0.014870394088458933,,,,,,,,,,
edge_bucket_summary,,698.0,0.03668640583514985,,-0.0004994813420301987,0.0,0.37822349570200575,,2.5 to 5%,0.4898618179756012,0.4531754121404513,0.4528996478080823,0.036962170167518876,,,,,,,,,,
edge_bucket_summary,,824.0,0.0703019179256277,,0.0039034147410622225,0.0,0.39805825242718446,,5 to 10%,0.48093466987801975,0.41063275195239207,0.41217677294232313,0.0687578969356966,,,,,,,,,,
edge_bucket_summary,,337.0,0.13297057768670836,,-0.002070221903270623,0.0,0.3323442136498516,,> 10%,0.4598668667531133,0.32689628906640494,0.3262598227715725,0.13360704398154077,,,,,,,,,,
outcome_summary,,337.0,,,,,,,< -10%,,,,,0.7032640949554896,0.5401331332468867,0.23388007828994914,,,,,,,
outcome_summary,,824.0,,,,,,,-10 to -5%,,,,,0.5800970873786407,0.5190653301219802,0.2467213381260976,,,,,,,
outcome_summary,,698.0,,,,,,,-5 to -2.5%,,,,,0.5830945558739254,0.5101381820243989,0.24994419866517828,,,,,,,
outcome_summary,,471.0,,,,,,,-2.5 to -1%,,,,,0.5307855626326964,0.5041092556226751,0.24645336056966027,,,,,,,
outcome_summary,,324.0,,,,,,,-1 to 0%,,,,,0.5246913580246914,0.4981830172337328,0.2482358194576993,,,,,,,
outcome_summary,,324.0,,,,,,,0 to 1%,,,,,0.47530864197530864,0.5018169827662672,0.2482358194576993,,,,,,,
outcome_summary,,471.0,,,,,,,1 to 2.5%,,,,,0.4692144373673036,0.495890744377325,0.24645336056966027,,,,,,,
outcome_summary,,698.0,,,,,,,2.5 to 5%,,,,,0.4169054441260745,0.4898618179756012,0.24994419866517828,,,,,,,
outcome_summary,,824.0,,,,,,,5 to 10%,,,,,0.4199029126213592,0.48093466987801975,0.2467213381260976,,,,,,,
outcome_summary,,337.0,,,,,,,> 10%,,,,,0.29673590504451036,0.4598668667531133,0.23388007828994914,,,,,,,
calibration,,0.0,,,,,,,,,,,,,,,"(-0.001, 0.1]",,,,,,
calibration,,0.0,,,,,,,,,,,,,,,"(0.1, 0.2]",,,,,,
calibration,,0.0,,,,,,,,,,,,,,,"(0.2, 0.3]",,,,,,
calibration,,63.0,,,,,,,,,,,,,,,"(0.3, 0.4]",0.38440169291540877,0.3968253968253968,-0.012423703909988038,,,
calibration,,2591.0,,,,,,,,,,,,,,,"(0.4, 0.5]",0.469046340994083,0.4392126592049402,0.029833681789142807,,,
calibration,,2591.0,,,,,,,,,,,,,,,"(0.5, 0.6]",0.5309536590059168,0.5607873407950599,-0.02983368178914303,,,
calibration,,63.0,,,,,,,,,,,,,,,"(0.6, 0.7]",0.6155983070845912,0.6031746031746031,0.012423703909988038,,,
calibration,,0.0,,,,,,,,,,,,,,,"(0.7, 0.8]",,,,,,
calibration,,0.0,,,,,,,,,,,,,,,"(0.8, 0.9]",,,,,,
calibration,,0.0,,,,,,,,,,,,,,,"(0.9, 1.0]",,,,,,
season_summary,,758.0,1.3438385555324289e-17,,-0.0007499558522295566,,0.35356200527704484,-0.06508563435519867,,,,,,,,,,,,,2019_20,,
season_summary,,758.0,1.0692121477260742e-17,,0.0008639021409720987,,0.3654353562005277,0.1043649193896616,,,,,,,,,,,,,2020_21,,
season_summary,,758.0,7.469838292332848e-18,,9.985270718901359e-05,,0.3786279683377309,0.009531578324736644,,,,,,,,,,,,,2021_22,,
season_summary,,758.0,9.264064156667698e-18,,-0.00047567621826748554,,0.3997361477572559,-0.1056609019697386,,,,,,,,,,,,,2022_23,,
season_summary,,758.0,1.2449730487221412e-17,,0.0003437327536049678,,0.3997361477572559,0.019276229959397328,,,,,,,,,,,,,2023_24,,
season_summary,,758.0,1.1058290021002549e-17,,0.0010612285954032978,,0.39313984168865435,0.06918474666470105,,,,,,,,,,,,,2024_25,,
season_summary,,760.0,1.1029189257789384e-17,,0.0004429080778878769,,0.3868421052631579,0.08216988030766866,,,,,,,,,,,,,2025_26,,
overall_metrics,,,,,,,,,,,,,,,,,,,,,,valid_observations,5308.0
overall_metrics,,,,,,,,,,,,,,,,,,,,,,correlation_model_edge_to_fair_clv,0.01868812924892598
overall_metrics,,,,,,,,,,,,,,,,,,,,,,mean_model_edge,1.0719466844770022e-17
overall_metrics,,,,,,,,,,,,,,,,,,,,,,median_model_edge,-2.7755575615628914e-17
overall_metrics,,,,,,,,,,,,,,,,,,,,,,positive_edge_rate,0.5
overall_metrics,,,,,,,,,,,,,,,,,,,,,,mean_fair_clv,0.0002266518287890764
overall_metrics,,,,,,,,,,,,,,,,,,,,,,median_fair_clv,0.0
overall_metrics,,,,,,,,,,,,,,,,,,,,,,positive_clv_rate,0.38244159758854557
overall_metrics,,,,,,,,,,,,,,,,,,,,,,model_brier,0.24607571891504004
overall_metrics,,,,,,,,,,,,,,,,,,,,,,opening_market_brier,0.24071400834584158
overall_metrics,,,,,,,,,,,,,,,,,,,,,,closing_market_brier,0.24048418368819982
overall_metrics,,,,,,,,,,,,,,,,,,,,,,model_log_loss,0.6852729177456658
overall_metrics,,,,,,,,,,,,,,,,,,,,,,opening_market_log_loss,0.6742513019402554
overall_metrics,,,,,,,,,,,,,,,,,,,,,,closing_market_log_loss,0.6737665651283266
